Dia,Semana,Stories,Feed,Legenda,Arte/Link,Observações,Status
01/01/2026,quinta-feira,,,,,,
02/01/2026,sexta-feira,,,,,,
03/01/2026,sábado,,,,,,
04/01/2026,domingo,,,,,,
05/01/2026,segunda-feira,,,,,,
06/01/2026,terça-feira,,,,,,
07/01/2026,quarta-feira,,,,,,
08/01/2026,quinta-feira,,,,,,
09/01/2026,sexta-feira,,,,,,
10/01/2026,sábado,,,,,,
11/01/2026,domingo,,,,,,
12/01/2026,segunda-feira,,,,,,Agendado
13/01/2026,terça-feira,,,,,,
14/01/2026,quarta-feira,,,,,,Agendado
15/01/2026,quinta-feira,,,,,,
16/01/2026,sexta-feira,,,,,,
17/01/2026,sábado,,,,,,
18/01/2026,domingo,,,,,,
19/01/2026,segunda-feira,,,,,,
20/01/2026,terça-feira,,,,,,
21/01/2026,quarta-feira,,,,,,
22/01/2026,quinta-feira,,,,,,
23/01/2026,sexta-feira,,,,,,
24/01/2026,sábado,,,,,,
25/01/2026,domingo,,,,,,
26/01/2026,segunda-feira,,,,,,
27/01/2026,terça-feira,,,,,,
28/01/2026,quarta-feira,,,,,,
29/01/2026,quinta-feira,,,,,,
30/01/2026,sexta-feira,,,,,,
31/01/2026,sábado,,,,,,